Jaar week,AgeGroup,Hospitalisations
2 mrt. 2020 t/m 8 mrt. 2020 (Week 10),40–59,0.106
2 mrt. 2020 t/m 8 mrt. 2020 (Week 10),60–79,0.382
2 mrt. 2020 t/m 8 mrt. 2020 (Week 10),80–++,0.482
2 mrt. 2020 t/m 8 mrt. 2020 (Week 10),20–39,0.024
2 mrt. 2020 t/m 8 mrt. 2020 (Week 10),00–05,0.006
2 mrt. 2020 t/m 8 mrt. 2020 (Week 10),06–19,0
9 mrt. 2020 t/m 15 mrt. 2020 (Week 11),00–05,0.011
9 mrt. 2020 t/m 15 mrt. 2020 (Week 11),60–79,0.395
9 mrt. 2020 t/m 15 mrt. 2020 (Week 11),80–++,0.365
9 mrt. 2020 t/m 15 mrt. 2020 (Week 11),40–59,0.186
9 mrt. 2020 t/m 15 mrt. 2020 (Week 11),06–19,0.005
9 mrt. 2020 t/m 15 mrt. 2020 (Week 11),20–39,0.039
16 mrt. 2020 t/m 22 mrt. 2020 (Week 12),06–19,0.004
16 mrt. 2020 t/m 22 mrt. 2020 (Week 12),60–79,0.411
16 mrt. 2020 t/m 22 mrt. 2020 (Week 12),80–++,0.254
16 mrt. 2020 t/m 22 mrt. 2020 (Week 12),20–39,0.065
16 mrt. 2020 t/m 22 mrt. 2020 (Week 12),40–59,0.254
16 mrt. 2020 t/m 22 mrt. 2020 (Week 12),00–05,0.013
23 mrt. 2020 t/m 29 mrt. 2020 (Week 13),00–05,0.007
23 mrt. 2020 t/m 29 mrt. 2020 (Week 13),80–++,0.221
23 mrt. 2020 t/m 29 mrt. 2020 (Week 13),40–59,0.287
23 mrt. 2020 t/m 29 mrt. 2020 (Week 13),60–79,0.418
23 mrt. 2020 t/m 29 mrt. 2020 (Week 13),20–39,0.063
23 mrt. 2020 t/m 29 mrt. 2020 (Week 13),06–19,0.005
30 mrt. 2020 t/m 5 apr. 2020 (Week 14),80–++,0.275
30 mrt. 2020 t/m 5 apr. 2020 (Week 14),40–59,0.252
30 mrt. 2020 t/m 5 apr. 2020 (Week 14),06–19,0.01
30 mrt. 2020 t/m 5 apr. 2020 (Week 14),60–79,0.399
30 mrt. 2020 t/m 5 apr. 2020 (Week 14),00–05,0.009
30 mrt. 2020 t/m 5 apr. 2020 (Week 14),20–39,0.056
6 apr. 2020 t/m 12 apr. 2020 (Week 15),80–++,0.353
6 apr. 2020 t/m 12 apr. 2020 (Week 15),20–39,0.055
6 apr. 2020 t/m 12 apr. 2020 (Week 15),06–19,0.007
6 apr. 2020 t/m 12 apr. 2020 (Week 15),00–05,0.009
6 apr. 2020 t/m 12 apr. 2020 (Week 15),60–79,0.352
6 apr. 2020 t/m 12 apr. 2020 (Week 15),40–59,0.224
13 apr. 2020 t/m 19 apr. 2020 (Week 16),80–++,0.37
13 apr. 2020 t/m 19 apr. 2020 (Week 16),00–05,0.011
13 apr. 2020 t/m 19 apr. 2020 (Week 16),06–19,0.01
13 apr. 2020 t/m 19 apr. 2020 (Week 16),40–59,0.199
13 apr. 2020 t/m 19 apr. 2020 (Week 16),60–79,0.342
13 apr. 2020 t/m 19 apr. 2020 (Week 16),20–39,0.069
20 apr. 2020 t/m 26 apr. 2020 (Week 17),80–++,0.376
20 apr. 2020 t/m 26 apr. 2020 (Week 17),60–79,0.341
20 apr. 2020 t/m 26 apr. 2020 (Week 17),00–05,0.011
20 apr. 2020 t/m 26 apr. 2020 (Week 17),20–39,0.073
20 apr. 2020 t/m 26 apr. 2020 (Week 17),40–59,0.19
20 apr. 2020 t/m 26 apr. 2020 (Week 17),06–19,0.009
27 apr. 2020 t/m 3 mei 2020 (Week 18),80–++,0.391
27 apr. 2020 t/m 3 mei 2020 (Week 18),20–39,0.083
27 apr. 2020 t/m 3 mei 2020 (Week 18),00–05,0.013
27 apr. 2020 t/m 3 mei 2020 (Week 18),40–59,0.183
27 apr. 2020 t/m 3 mei 2020 (Week 18),60–79,0.316
27 apr. 2020 t/m 3 mei 2020 (Week 18),06–19,0.014
4 mei 2020 t/m 10 mei 2020 (Week 19),06–19,0.011
4 mei 2020 t/m 10 mei 2020 (Week 19),00–05,0.005
4 mei 2020 t/m 10 mei 2020 (Week 19),60–79,0.301
4 mei 2020 t/m 10 mei 2020 (Week 19),20–39,0.077
4 mei 2020 t/m 10 mei 2020 (Week 19),80–++,0.434
4 mei 2020 t/m 10 mei 2020 (Week 19),40–59,0.172
11 mei 2020 t/m 17 mei 2020 (Week 20),20–39,0.077
11 mei 2020 t/m 17 mei 2020 (Week 20),06–19,0.011
11 mei 2020 t/m 17 mei 2020 (Week 20),40–59,0.167
11 mei 2020 t/m 17 mei 2020 (Week 20),00–05,0.005
11 mei 2020 t/m 17 mei 2020 (Week 20),60–79,0.3
11 mei 2020 t/m 17 mei 2020 (Week 20),80–++,0.44
18 mei 2020 t/m 24 mei 2020 (Week 21),00–05,0.025
18 mei 2020 t/m 24 mei 2020 (Week 21),80–++,0.385
18 mei 2020 t/m 24 mei 2020 (Week 21),06–19,0.014
18 mei 2020 t/m 24 mei 2020 (Week 21),20–39,0.106
18 mei 2020 t/m 24 mei 2020 (Week 21),60–79,0.307
18 mei 2020 t/m 24 mei 2020 (Week 21),40–59,0.163
25 mei 2020 t/m 31 mei 2020 (Week 22),00–05,0.034
25 mei 2020 t/m 31 mei 2020 (Week 22),60–79,0.292
25 mei 2020 t/m 31 mei 2020 (Week 22),80–++,0.352
25 mei 2020 t/m 31 mei 2020 (Week 22),20–39,0.102
25 mei 2020 t/m 31 mei 2020 (Week 22),40–59,0.186
25 mei 2020 t/m 31 mei 2020 (Week 22),06–19,0.034
1 jun. 2020 t/m 7 jun. 2020 (Week 23),80–++,0.408
1 jun. 2020 t/m 7 jun. 2020 (Week 23),20–39,0.096
1 jun. 2020 t/m 7 jun. 2020 (Week 23),40–59,0.115
1 jun. 2020 t/m 7 jun. 2020 (Week 23),06–19,0.006
1 jun. 2020 t/m 7 jun. 2020 (Week 23),00–05,0.019
1 jun. 2020 t/m 7 jun. 2020 (Week 23),60–79,0.357
8 jun. 2020 t/m 14 jun. 2020 (Week 24),06–19,0.027
8 jun. 2020 t/m 14 jun. 2020 (Week 24),00–05,0.014
8 jun. 2020 t/m 14 jun. 2020 (Week 24),20–39,0.142
8 jun. 2020 t/m 14 jun. 2020 (Week 24),60–79,0.25
8 jun. 2020 t/m 14 jun. 2020 (Week 24),80–++,0.419
8 jun. 2020 t/m 14 jun. 2020 (Week 24),40–59,0.149
15 jun. 2020 t/m 21 jun. 2020 (Week 25),00–05,0.037
15 jun. 2020 t/m 21 jun. 2020 (Week 25),80–++,0.33
15 jun. 2020 t/m 21 jun. 2020 (Week 25),60–79,0.349
15 jun. 2020 t/m 21 jun. 2020 (Week 25),40–59,0.165
15 jun. 2020 t/m 21 jun. 2020 (Week 25),20–39,0.11
15 jun. 2020 t/m 21 jun. 2020 (Week 25),06–19,0.009
22 jun. 2020 t/m 28 jun. 2020 (Week 26),00–05,0
22 jun. 2020 t/m 28 jun. 2020 (Week 26),06–19,0.025
22 jun. 2020 t/m 28 jun. 2020 (Week 26),80–++,0.309
22 jun. 2020 t/m 28 jun. 2020 (Week 26),60–79,0.395
22 jun. 2020 t/m 28 jun. 2020 (Week 26),40–59,0.136
22 jun. 2020 t/m 28 jun. 2020 (Week 26),20–39,0.136
29 jun. 2020 t/m 5 jul. 2020 (Week 27),20–39,0.111
29 jun. 2020 t/m 5 jul. 2020 (Week 27),80–++,0.222
29 jun. 2020 t/m 5 jul. 2020 (Week 27),40–59,0.222
29 jun. 2020 t/m 5 jul. 2020 (Week 27),06–19,0.037
29 jun. 2020 t/m 5 jul. 2020 (Week 27),00–05,0.056
29 jun. 2020 t/m 5 jul. 2020 (Week 27),60–79,0.352
6 jul. 2020 t/m 12 jul. 2020 (Week 28),06–19,0.053
6 jul. 2020 t/m 12 jul. 2020 (Week 28),00–05,0
6 jul. 2020 t/m 12 jul. 2020 (Week 28),40–59,0.123
6 jul. 2020 t/m 12 jul. 2020 (Week 28),80–++,0.333
6 jul. 2020 t/m 12 jul. 2020 (Week 28),60–79,0.386
6 jul. 2020 t/m 12 jul. 2020 (Week 28),20–39,0.105
13 jul. 2020 t/m 19 jul. 2020 (Week 29),00–05,0.059
13 jul. 2020 t/m 19 jul. 2020 (Week 29),80–++,0.255
13 jul. 2020 t/m 19 jul. 2020 (Week 29),06–19,0.02
13 jul. 2020 t/m 19 jul. 2020 (Week 29),20–39,0.098
13 jul. 2020 t/m 19 jul. 2020 (Week 29),60–79,0.333
13 jul. 2020 t/m 19 jul. 2020 (Week 29),40–59,0.235
20 jul. 2020 t/m 26 jul. 2020 (Week 30),80–++,0.193
20 jul. 2020 t/m 26 jul. 2020 (Week 30),60–79,0.22
20 jul. 2020 t/m 26 jul. 2020 (Week 30),20–39,0.147
20 jul. 2020 t/m 26 jul. 2020 (Week 30),40–59,0.373
20 jul. 2020 t/m 26 jul. 2020 (Week 30),06–19,0.02
20 jul. 2020 t/m 26 jul. 2020 (Week 30),00–05,0.047
27 jul. 2020 t/m 2 aug. 2020 (Week 31),00–05,0.021
27 jul. 2020 t/m 2 aug. 2020 (Week 31),40–59,0.332
27 jul. 2020 t/m 2 aug. 2020 (Week 31),80–++,0.16
27 jul. 2020 t/m 2 aug. 2020 (Week 31),60–79,0.348
27 jul. 2020 t/m 2 aug. 2020 (Week 31),20–39,0.112
27 jul. 2020 t/m 2 aug. 2020 (Week 31),06–19,0.027
3 aug. 2020 t/m 9 aug. 2020 (Week 32),20–39,0.175
3 aug. 2020 t/m 9 aug. 2020 (Week 32),06–19,0.034
3 aug. 2020 t/m 9 aug. 2020 (Week 32),00–05,0.039
3 aug. 2020 t/m 9 aug. 2020 (Week 32),40–59,0.257
3 aug. 2020 t/m 9 aug. 2020 (Week 32),80–++,0.194
3 aug. 2020 t/m 9 aug. 2020 (Week 32),60–79,0.301
10 aug. 2020 t/m 16 aug. 2020 (Week 33),00–05,0.005
10 aug. 2020 t/m 16 aug. 2020 (Week 33),06–19,0.018
10 aug. 2020 t/m 16 aug. 2020 (Week 33),80–++,0.241
10 aug. 2020 t/m 16 aug. 2020 (Week 33),20–39,0.055
10 aug. 2020 t/m 16 aug. 2020 (Week 33),60–79,0.395
10 aug. 2020 t/m 16 aug. 2020 (Week 33),40–59,0.286
17 aug. 2020 t/m 23 aug. 2020 (Week 34),20–39,0.121
17 aug. 2020 t/m 23 aug. 2020 (Week 34),06–19,0.04
17 aug. 2020 t/m 23 aug. 2020 (Week 34),00–05,0.04
17 aug. 2020 t/m 23 aug. 2020 (Week 34),80–++,0.201
17 aug. 2020 t/m 23 aug. 2020 (Week 34),60–79,0.342
17 aug. 2020 t/m 23 aug. 2020 (Week 34),40–59,0.256
24 aug. 2020 t/m 30 aug. 2020 (Week 35),40–59,0.201
24 aug. 2020 t/m 30 aug. 2020 (Week 35),60–79,0.383
24 aug. 2020 t/m 30 aug. 2020 (Week 35),80–++,0.273
24 aug. 2020 t/m 30 aug. 2020 (Week 35),20–39,0.104
24 aug. 2020 t/m 30 aug. 2020 (Week 35),06–19,0.019
24 aug. 2020 t/m 30 aug. 2020 (Week 35),00–05,0.019
31 aug. 2020 t/m 6 sep. 2020 (Week 36),40–59,0.191
31 aug. 2020 t/m 6 sep. 2020 (Week 36),60–79,0.352
31 aug. 2020 t/m 6 sep. 2020 (Week 36),06–19,0.005
31 aug. 2020 t/m 6 sep. 2020 (Week 36),00–05,0.045
31 aug. 2020 t/m 6 sep. 2020 (Week 36),80–++,0.312
31 aug. 2020 t/m 6 sep. 2020 (Week 36),20–39,0.095
7 sep. 2020 t/m 13 sep. 2020 (Week 37),80–++,0.29
7 sep. 2020 t/m 13 sep. 2020 (Week 37),06–19,0.028
7 sep. 2020 t/m 13 sep. 2020 (Week 37),00–05,0.039
7 sep. 2020 t/m 13 sep. 2020 (Week 37),40–59,0.205
7 sep. 2020 t/m 13 sep. 2020 (Week 37),20–39,0.117
7 sep. 2020 t/m 13 sep. 2020 (Week 37),60–79,0.322
14 sep. 2020 t/m 20 sep. 2020 (Week 38),06–19,0.014
14 sep. 2020 t/m 20 sep. 2020 (Week 38),00–05,0.03
14 sep. 2020 t/m 20 sep. 2020 (Week 38),80–++,0.3
14 sep. 2020 t/m 20 sep. 2020 (Week 38),60–79,0.37
14 sep. 2020 t/m 20 sep. 2020 (Week 38),40–59,0.207
14 sep. 2020 t/m 20 sep. 2020 (Week 38),20–39,0.08
21 sep. 2020 t/m 27 sep. 2020 (Week 39),60–79,0.376
21 sep. 2020 t/m 27 sep. 2020 (Week 39),00–05,0.024
21 sep. 2020 t/m 27 sep. 2020 (Week 39),40–59,0.177
21 sep. 2020 t/m 27 sep. 2020 (Week 39),80–++,0.346
21 sep. 2020 t/m 27 sep. 2020 (Week 39),20–39,0.071
21 sep. 2020 t/m 27 sep. 2020 (Week 39),06–19,0.006
28 sep. 2020 t/m 4 okt. 2020 (Week 40),06–19,0.011
28 sep. 2020 t/m 4 okt. 2020 (Week 40),00–05,0.014
28 sep. 2020 t/m 4 okt. 2020 (Week 40),20–39,0.061
28 sep. 2020 t/m 4 okt. 2020 (Week 40),40–59,0.2
28 sep. 2020 t/m 4 okt. 2020 (Week 40),80–++,0.319
28 sep. 2020 t/m 4 okt. 2020 (Week 40),60–79,0.395
5 okt. 2020 t/m 11 okt. 2020 (Week 41),00–05,0.024
5 okt. 2020 t/m 11 okt. 2020 (Week 41),80–++,0.337
5 okt. 2020 t/m 11 okt. 2020 (Week 41),60–79,0.394
5 okt. 2020 t/m 11 okt. 2020 (Week 41),40–59,0.176
5 okt. 2020 t/m 11 okt. 2020 (Week 41),20–39,0.062
5 okt. 2020 t/m 11 okt. 2020 (Week 41),06–19,0.008
12 okt. 2020 t/m 18 okt. 2020 (Week 42),20–39,0.071
12 okt. 2020 t/m 18 okt. 2020 (Week 42),06–19,0.007
12 okt. 2020 t/m 18 okt. 2020 (Week 42),00–05,0.02
12 okt. 2020 t/m 18 okt. 2020 (Week 42),80–++,0.31
12 okt. 2020 t/m 18 okt. 2020 (Week 42),60–79,0.397
12 okt. 2020 t/m 18 okt. 2020 (Week 42),40–59,0.195
19 okt. 2020 t/m 25 okt. 2020 (Week 43),40–59,0.204
19 okt. 2020 t/m 25 okt. 2020 (Week 43),60–79,0.391
19 okt. 2020 t/m 25 okt. 2020 (Week 43),80–++,0.307
19 okt. 2020 t/m 25 okt. 2020 (Week 43),20–39,0.07
19 okt. 2020 t/m 25 okt. 2020 (Week 43),06–19,0.006
19 okt. 2020 t/m 25 okt. 2020 (Week 43),00–05,0.022
26 okt. 2020 t/m 1 nov. 2020 (Week 44),20–39,0.055
26 okt. 2020 t/m 1 nov. 2020 (Week 44),40–59,0.214
26 okt. 2020 t/m 1 nov. 2020 (Week 44),06–19,0.005
26 okt. 2020 t/m 1 nov. 2020 (Week 44),00–05,0.015
26 okt. 2020 t/m 1 nov. 2020 (Week 44),80–++,0.271
26 okt. 2020 t/m 1 nov. 2020 (Week 44),60–79,0.441
2 nov. 2020 t/m 8 nov. 2020 (Week 45),80–++,0.319
2 nov. 2020 t/m 8 nov. 2020 (Week 45),00–05,0.009
2 nov. 2020 t/m 8 nov. 2020 (Week 45),06–19,0.008
2 nov. 2020 t/m 8 nov. 2020 (Week 45),40–59,0.196
2 nov. 2020 t/m 8 nov. 2020 (Week 45),20–39,0.051
2 nov. 2020 t/m 8 nov. 2020 (Week 45),60–79,0.417
9 nov. 2020 t/m 15 nov. 2020 (Week 46),00–05,0.009
9 nov. 2020 t/m 15 nov. 2020 (Week 46),80–++,0.331
9 nov. 2020 t/m 15 nov. 2020 (Week 46),60–79,0.415
9 nov. 2020 t/m 15 nov. 2020 (Week 46),40–59,0.177
9 nov. 2020 t/m 15 nov. 2020 (Week 46),20–39,0.06
9 nov. 2020 t/m 15 nov. 2020 (Week 46),06–19,0.007
16 nov. 2020 t/m 22 nov. 2020 (Week 47),60–79,0.367
16 nov. 2020 t/m 22 nov. 2020 (Week 47),00–05,0.009
16 nov. 2020 t/m 22 nov. 2020 (Week 47),40–59,0.163
16 nov. 2020 t/m 22 nov. 2020 (Week 47),80–++,0.381
16 nov. 2020 t/m 22 nov. 2020 (Week 47),20–39,0.071
16 nov. 2020 t/m 22 nov. 2020 (Week 47),06–19,0.009
23 nov. 2020 t/m 29 nov. 2020 (Week 48),20–39,0.069
23 nov. 2020 t/m 29 nov. 2020 (Week 48),06–19,0.016
23 nov. 2020 t/m 29 nov. 2020 (Week 48),00–05,0.013
23 nov. 2020 t/m 29 nov. 2020 (Week 48),40–59,0.146
23 nov. 2020 t/m 29 nov. 2020 (Week 48),80–++,0.411
23 nov. 2020 t/m 29 nov. 2020 (Week 48),60–79,0.345
30 nov. 2020 t/m 6 dec. 2020 (Week 49),00–05,0.008
30 nov. 2020 t/m 6 dec. 2020 (Week 49),06–19,0.024
30 nov. 2020 t/m 6 dec. 2020 (Week 49),80–++,0.422
30 nov. 2020 t/m 6 dec. 2020 (Week 49),20–39,0.062
30 nov. 2020 t/m 6 dec. 2020 (Week 49),60–79,0.326
30 nov. 2020 t/m 6 dec. 2020 (Week 49),40–59,0.159
7 dec. 2020 t/m 13 dec. 2020 (Week 50),20–39,0.061
7 dec. 2020 t/m 13 dec. 2020 (Week 50),06–19,0.017
7 dec. 2020 t/m 13 dec. 2020 (Week 50),00–05,0.01
7 dec. 2020 t/m 13 dec. 2020 (Week 50),80–++,0.446
7 dec. 2020 t/m 13 dec. 2020 (Week 50),60–79,0.339
7 dec. 2020 t/m 13 dec. 2020 (Week 50),40–59,0.126
14 dec. 2020 t/m 20 dec. 2020 (Week 51),40–59,0.151
14 dec. 2020 t/m 20 dec. 2020 (Week 51),60–79,0.359
14 dec. 2020 t/m 20 dec. 2020 (Week 51),80–++,0.419
14 dec. 2020 t/m 20 dec. 2020 (Week 51),20–39,0.05
14 dec. 2020 t/m 20 dec. 2020 (Week 51),06–19,0.011
14 dec. 2020 t/m 20 dec. 2020 (Week 51),00–05,0.011
21 dec. 2020 t/m 27 dec. 2020 (Week 52),20–39,0.038
21 dec. 2020 t/m 27 dec. 2020 (Week 52),06–19,0.007
21 dec. 2020 t/m 27 dec. 2020 (Week 52),80–++,0.434
21 dec. 2020 t/m 27 dec. 2020 (Week 52),60–79,0.364
21 dec. 2020 t/m 27 dec. 2020 (Week 52),40–59,0.146
21 dec. 2020 t/m 27 dec. 2020 (Week 52),00–05,0.011
28 dec. 2020 t/m 3 jan. 2021 (Week 53),06–19,0.006
28 dec. 2020 t/m 3 jan. 2021 (Week 53),00–05,0.004
28 dec. 2020 t/m 3 jan. 2021 (Week 53),20–39,0.045
28 dec. 2020 t/m 3 jan. 2021 (Week 53),60–79,0.358
28 dec. 2020 t/m 3 jan. 2021 (Week 53),80–++,0.443
28 dec. 2020 t/m 3 jan. 2021 (Week 53),40–59,0.144
4 jan. 2021 t/m 10 jan. 2021 (Week 1),00–05,0.007
4 jan. 2021 t/m 10 jan. 2021 (Week 1),20–39,0.055
4 jan. 2021 t/m 10 jan. 2021 (Week 1),06–19,0.009
4 jan. 2021 t/m 10 jan. 2021 (Week 1),80–++,0.424
4 jan. 2021 t/m 10 jan. 2021 (Week 1),60–79,0.357
4 jan. 2021 t/m 10 jan. 2021 (Week 1),40–59,0.148
11 jan. 2021 t/m 17 jan. 2021 (Week 2),06–19,0.013
11 jan. 2021 t/m 17 jan. 2021 (Week 2),00–05,0.012
11 jan. 2021 t/m 17 jan. 2021 (Week 2),80–++,0.38
11 jan. 2021 t/m 17 jan. 2021 (Week 2),60–79,0.367
11 jan. 2021 t/m 17 jan. 2021 (Week 2),40–59,0.16
11 jan. 2021 t/m 17 jan. 2021 (Week 2),20–39,0.068
18 jan. 2021 t/m 24 jan. 2021 (Week 3),40–59,0.161
18 jan. 2021 t/m 24 jan. 2021 (Week 3),20–39,0.064
18 jan. 2021 t/m 24 jan. 2021 (Week 3),60–79,0.352
18 jan. 2021 t/m 24 jan. 2021 (Week 3),06–19,0.006
18 jan. 2021 t/m 24 jan. 2021 (Week 3),80–++,0.402
18 jan. 2021 t/m 24 jan. 2021 (Week 3),00–05,0.014
25 jan. 2021 t/m 31 jan. 2021 (Week 4),06–19,0.013
25 jan. 2021 t/m 31 jan. 2021 (Week 4),00–05,0.018
25 jan. 2021 t/m 31 jan. 2021 (Week 4),20–39,0.068
25 jan. 2021 t/m 31 jan. 2021 (Week 4),80–++,0.39
25 jan. 2021 t/m 31 jan. 2021 (Week 4),60–79,0.348
25 jan. 2021 t/m 31 jan. 2021 (Week 4),40–59,0.162
1 feb. 2021 t/m 7 feb. 2021 (Week 5),00–05,0.006
1 feb. 2021 t/m 7 feb. 2021 (Week 5),40–59,0.159
1 feb. 2021 t/m 7 feb. 2021 (Week 5),20–39,0.083
1 feb. 2021 t/m 7 feb. 2021 (Week 5),06–19,0.017
1 feb. 2021 t/m 7 feb. 2021 (Week 5),80–++,0.353
1 feb. 2021 t/m 7 feb. 2021 (Week 5),60–79,0.381
8 feb. 2021 t/m 14 feb. 2021 (Week 6),00–05,0.01
8 feb. 2021 t/m 14 feb. 2021 (Week 6),80–++,0.311
8 feb. 2021 t/m 14 feb. 2021 (Week 6),60–79,0.379
8 feb. 2021 t/m 14 feb. 2021 (Week 6),40–59,0.202
8 feb. 2021 t/m 14 feb. 2021 (Week 6),20–39,0.087
8 feb. 2021 t/m 14 feb. 2021 (Week 6),06–19,0.011
15 feb. 2021 t/m 21 feb. 2021 (Week 7),20–39,0.075
15 feb. 2021 t/m 21 feb. 2021 (Week 7),60–79,0.361
15 feb. 2021 t/m 21 feb. 2021 (Week 7),06–19,0.007
15 feb. 2021 t/m 21 feb. 2021 (Week 7),40–59,0.214
15 feb. 2021 t/m 21 feb. 2021 (Week 7),80–++,0.326
15 feb. 2021 t/m 21 feb. 2021 (Week 7),00–05,0.016
22 feb. 2021 t/m 28 feb. 2021 (Week 8),00–05,0.014
22 feb. 2021 t/m 28 feb. 2021 (Week 8),20–39,0.079
22 feb. 2021 t/m 28 feb. 2021 (Week 8),06–19,0.005
22 feb. 2021 t/m 28 feb. 2021 (Week 8),80–++,0.259
22 feb. 2021 t/m 28 feb. 2021 (Week 8),60–79,0.39
22 feb. 2021 t/m 28 feb. 2021 (Week 8),40–59,0.254
1 mrt. 2021 t/m 7 mrt. 2021 (Week 9),00–05,0.017
1 mrt. 2021 t/m 7 mrt. 2021 (Week 9),80–++,0.254
1 mrt. 2021 t/m 7 mrt. 2021 (Week 9),60–79,0.407
1 mrt. 2021 t/m 7 mrt. 2021 (Week 9),40–59,0.242
1 mrt. 2021 t/m 7 mrt. 2021 (Week 9),20–39,0.071
1 mrt. 2021 t/m 7 mrt. 2021 (Week 9),06–19,0.009
8 mrt. 2021 t/m 14 mrt. 2021 (Week 10),06–19,0.011
8 mrt. 2021 t/m 14 mrt. 2021 (Week 10),00–05,0.019
8 mrt. 2021 t/m 14 mrt. 2021 (Week 10),80–++,0.271
8 mrt. 2021 t/m 14 mrt. 2021 (Week 10),60–79,0.396
8 mrt. 2021 t/m 14 mrt. 2021 (Week 10),40–59,0.238
8 mrt. 2021 t/m 14 mrt. 2021 (Week 10),20–39,0.065
15 mrt. 2021 t/m 21 mrt. 2021 (Week 11),40–59,0.285
15 mrt. 2021 t/m 21 mrt. 2021 (Week 11),20–39,0.09
15 mrt. 2021 t/m 21 mrt. 2021 (Week 11),60–79,0.375
15 mrt. 2021 t/m 21 mrt. 2021 (Week 11),06–19,0.011
15 mrt. 2021 t/m 21 mrt. 2021 (Week 11),80–++,0.227
15 mrt. 2021 t/m 21 mrt. 2021 (Week 11),00–05,0.011
22 mrt. 2021 t/m 28 mrt. 2021 (Week 12),06–19,0.008
22 mrt. 2021 t/m 28 mrt. 2021 (Week 12),00–05,0.011
22 mrt. 2021 t/m 28 mrt. 2021 (Week 12),20–39,0.105
22 mrt. 2021 t/m 28 mrt. 2021 (Week 12),80–++,0.216
22 mrt. 2021 t/m 28 mrt. 2021 (Week 12),40–59,0.283
22 mrt. 2021 t/m 28 mrt. 2021 (Week 12),60–79,0.377
29 mrt. 2021 t/m 4 apr. 2021 (Week 13),00–05,0.011
29 mrt. 2021 t/m 4 apr. 2021 (Week 13),40–59,0.284
29 mrt. 2021 t/m 4 apr. 2021 (Week 13),20–39,0.086
29 mrt. 2021 t/m 4 apr. 2021 (Week 13),06–19,0.009
29 mrt. 2021 t/m 4 apr. 2021 (Week 13),80–++,0.206
29 mrt. 2021 t/m 4 apr. 2021 (Week 13),60–79,0.405
5 apr. 2021 t/m 11 apr. 2021 (Week 14),80–++,0.18
5 apr. 2021 t/m 11 apr. 2021 (Week 14),60–79,0.435
5 apr. 2021 t/m 11 apr. 2021 (Week 14),40–59,0.285
5 apr. 2021 t/m 11 apr. 2021 (Week 14),20–39,0.089
5 apr. 2021 t/m 11 apr. 2021 (Week 14),06–19,0.007
5 apr. 2021 t/m 11 apr. 2021 (Week 14),00–05,0.004
12 apr. 2021 t/m 18 apr. 2021 (Week 15),40–59,0.288
12 apr. 2021 t/m 18 apr. 2021 (Week 15),20–39,0.08
12 apr. 2021 t/m 18 apr. 2021 (Week 15),60–79,0.4
12 apr. 2021 t/m 18 apr. 2021 (Week 15),06–19,0.007
12 apr. 2021 t/m 18 apr. 2021 (Week 15),80–++,0.215
12 apr. 2021 t/m 18 apr. 2021 (Week 15),00–05,0.01
19 apr. 2021 t/m 25 apr. 2021 (Week 16),06–19,0.008
19 apr. 2021 t/m 25 apr. 2021 (Week 16),00–05,0.013
19 apr. 2021 t/m 25 apr. 2021 (Week 16),20–39,0.101
19 apr. 2021 t/m 25 apr. 2021 (Week 16),80–++,0.157
19 apr. 2021 t/m 25 apr. 2021 (Week 16),60–79,0.437
19 apr. 2021 t/m 25 apr. 2021 (Week 16),40–59,0.285
26 apr. 2021 t/m 2 mei 2021 (Week 17),00–05,0.016
26 apr. 2021 t/m 2 mei 2021 (Week 17),20–39,0.114
26 apr. 2021 t/m 2 mei 2021 (Week 17),06–19,0.011
26 apr. 2021 t/m 2 mei 2021 (Week 17),80–++,0.158
26 apr. 2021 t/m 2 mei 2021 (Week 17),60–79,0.377
26 apr. 2021 t/m 2 mei 2021 (Week 17),40–59,0.325
3 mei 2021 t/m 9 mei 2021 (Week 18),06–19,0.01
3 mei 2021 t/m 9 mei 2021 (Week 18),00–05,0.012
3 mei 2021 t/m 9 mei 2021 (Week 18),80–++,0.158
3 mei 2021 t/m 9 mei 2021 (Week 18),60–79,0.321
3 mei 2021 t/m 9 mei 2021 (Week 18),40–59,0.367
3 mei 2021 t/m 9 mei 2021 (Week 18),20–39,0.132
10 mei 2021 t/m 16 mei 2021 (Week 19),40–59,0.367
10 mei 2021 t/m 16 mei 2021 (Week 19),20–39,0.132
10 mei 2021 t/m 16 mei 2021 (Week 19),60–79,0.335
10 mei 2021 t/m 16 mei 2021 (Week 19),06–19,0.008
10 mei 2021 t/m 16 mei 2021 (Week 19),80–++,0.139
10 mei 2021 t/m 16 mei 2021 (Week 19),00–05,0.018
17 mei 2021 t/m 23 mei 2021 (Week 20),80–++,0.122
17 mei 2021 t/m 23 mei 2021 (Week 20),00–05,0.014
17 mei 2021 t/m 23 mei 2021 (Week 20),60–79,0.291
17 mei 2021 t/m 23 mei 2021 (Week 20),40–59,0.394
17 mei 2021 t/m 23 mei 2021 (Week 20),20–39,0.16
17 mei 2021 t/m 23 mei 2021 (Week 20),06–19,0.02
24 mei 2021 t/m 30 mei 2021 (Week 21),00–05,0.019
24 mei 2021 t/m 30 mei 2021 (Week 21),40–59,0.396
24 mei 2021 t/m 30 mei 2021 (Week 21),20–39,0.164
24 mei 2021 t/m 30 mei 2021 (Week 21),06–19,0.024
24 mei 2021 t/m 30 mei 2021 (Week 21),80–++,0.155
24 mei 2021 t/m 30 mei 2021 (Week 21),60–79,0.242
31 mei 2021 t/m 6 jun. 2021 (Week 22),00–05,0.016
31 mei 2021 t/m 6 jun. 2021 (Week 22),80–++,0.137
31 mei 2021 t/m 6 jun. 2021 (Week 22),60–79,0.252
31 mei 2021 t/m 6 jun. 2021 (Week 22),40–59,0.437
31 mei 2021 t/m 6 jun. 2021 (Week 22),20–39,0.145
31 mei 2021 t/m 6 jun. 2021 (Week 22),06–19,0.013
7 jun. 2021 t/m 13 jun. 2021 (Week 23),20–39,0.185
7 jun. 2021 t/m 13 jun. 2021 (Week 23),60–79,0.295
7 jun. 2021 t/m 13 jun. 2021 (Week 23),06–19,0.004
7 jun. 2021 t/m 13 jun. 2021 (Week 23),40–59,0.37
7 jun. 2021 t/m 13 jun. 2021 (Week 23),80–++,0.119
7 jun. 2021 t/m 13 jun. 2021 (Week 23),00–05,0.026
14 jun. 2021 t/m 20 jun. 2021 (Week 24),00–05,0.044
14 jun. 2021 t/m 20 jun. 2021 (Week 24),20–39,0.239
14 jun. 2021 t/m 20 jun. 2021 (Week 24),06–19,0.044
14 jun. 2021 t/m 20 jun. 2021 (Week 24),80–++,0.133
14 jun. 2021 t/m 20 jun. 2021 (Week 24),60–79,0.23
14 jun. 2021 t/m 20 jun. 2021 (Week 24),40–59,0.31
21 jun. 2021 t/m 27 jun. 2021 (Week 25),00–05,0.019
21 jun. 2021 t/m 27 jun. 2021 (Week 25),06–19,0.028
21 jun. 2021 t/m 27 jun. 2021 (Week 25),80–++,0.185
21 jun. 2021 t/m 27 jun. 2021 (Week 25),60–79,0.167
21 jun. 2021 t/m 27 jun. 2021 (Week 25),40–59,0.333
21 jun. 2021 t/m 27 jun. 2021 (Week 25),20–39,0.269
28 jun. 2021 t/m 4 jul. 2021 (Week 26),06–19,0.059
28 jun. 2021 t/m 4 jul. 2021 (Week 26),00–05,0.074
28 jun. 2021 t/m 4 jul. 2021 (Week 26),80–++,0.221
28 jun. 2021 t/m 4 jul. 2021 (Week 26),60–79,0.176
28 jun. 2021 t/m 4 jul. 2021 (Week 26),40–59,0.221
28 jun. 2021 t/m 4 jul. 2021 (Week 26),20–39,0.25
5 jul. 2021 t/m 11 jul. 2021 (Week 27),40–59,0.27
5 jul. 2021 t/m 11 jul. 2021 (Week 27),20–39,0.236
5 jul. 2021 t/m 11 jul. 2021 (Week 27),60–79,0.258
5 jul. 2021 t/m 11 jul. 2021 (Week 27),06–19,0.045
5 jul. 2021 t/m 11 jul. 2021 (Week 27),80–++,0.169
5 jul. 2021 t/m 11 jul. 2021 (Week 27),00–05,0.022
12 jul. 2021 t/m 18 jul. 2021 (Week 28),06–19,0.047
12 jul. 2021 t/m 18 jul. 2021 (Week 28),00–05,0.031
12 jul. 2021 t/m 18 jul. 2021 (Week 28),20–39,0.256
12 jul. 2021 t/m 18 jul. 2021 (Week 28),80–++,0.194
12 jul. 2021 t/m 18 jul. 2021 (Week 28),40–59,0.271
12 jul. 2021 t/m 18 jul. 2021 (Week 28),60–79,0.202
19 jul. 2021 t/m 25 jul. 2021 (Week 29),00–05,0.058
19 jul. 2021 t/m 25 jul. 2021 (Week 29),40–59,0.336
19 jul. 2021 t/m 25 jul. 2021 (Week 29),20–39,0.168
19 jul. 2021 t/m 25 jul. 2021 (Week 29),06–19,0.036
19 jul. 2021 t/m 25 jul. 2021 (Week 29),80–++,0.161
19 jul. 2021 t/m 25 jul. 2021 (Week 29),60–79,0.241
26 jul. 2021 t/m 1 aug. 2021 (Week 30),80–++,0.165
26 jul. 2021 t/m 1 aug. 2021 (Week 30),60–79,0.18
26 jul. 2021 t/m 1 aug. 2021 (Week 30),40–59,0.29
26 jul. 2021 t/m 1 aug. 2021 (Week 30),20–39,0.255
26 jul. 2021 t/m 1 aug. 2021 (Week 30),06–19,0.035
26 jul. 2021 t/m 1 aug. 2021 (Week 30),00–05,0.075
2 aug. 2021 t/m 8 aug. 2021 (Week 31),60–79,0.212
2 aug. 2021 t/m 8 aug. 2021 (Week 31),40–59,0.339
2 aug. 2021 t/m 8 aug. 2021 (Week 31),80–++,0.192
2 aug. 2021 t/m 8 aug. 2021 (Week 31),06–19,0.033
2 aug. 2021 t/m 8 aug. 2021 (Week 31),00–05,0.037
2 aug. 2021 t/m 8 aug. 2021 (Week 31),20–39,0.188
9 aug. 2021 t/m 15 aug. 2021 (Week 32),06–19,0.019
9 aug. 2021 t/m 15 aug. 2021 (Week 32),00–05,0.03
9 aug. 2021 t/m 15 aug. 2021 (Week 32),20–39,0.239
9 aug. 2021 t/m 15 aug. 2021 (Week 32),80–++,0.144
9 aug. 2021 t/m 15 aug. 2021 (Week 32),60–79,0.28
9 aug. 2021 t/m 15 aug. 2021 (Week 32),40–59,0.288
16 aug. 2021 t/m 22 aug. 2021 (Week 33),00–05,0.062
16 aug. 2021 t/m 22 aug. 2021 (Week 33),20–39,0.188
16 aug. 2021 t/m 22 aug. 2021 (Week 33),06–19,0.031
16 aug. 2021 t/m 22 aug. 2021 (Week 33),80–++,0.151
16 aug. 2021 t/m 22 aug. 2021 (Week 33),60–79,0.272
16 aug. 2021 t/m 22 aug. 2021 (Week 33),40–59,0.296
23 aug. 2021 t/m 29 aug. 2021 (Week 34),06–19,0.029
23 aug. 2021 t/m 29 aug. 2021 (Week 34),00–05,0.076
23 aug. 2021 t/m 29 aug. 2021 (Week 34),80–++,0.166
23 aug. 2021 t/m 29 aug. 2021 (Week 34),60–79,0.292
23 aug. 2021 t/m 29 aug. 2021 (Week 34),40–59,0.28
23 aug. 2021 t/m 29 aug. 2021 (Week 34),20–39,0.157
30 aug. 2021 t/m 5 sep. 2021 (Week 35),40–59,0.246
30 aug. 2021 t/m 5 sep. 2021 (Week 35),20–39,0.195
30 aug. 2021 t/m 5 sep. 2021 (Week 35),60–79,0.292
30 aug. 2021 t/m 5 sep. 2021 (Week 35),06–19,0.032
30 aug. 2021 t/m 5 sep. 2021 (Week 35),80–++,0.166
30 aug. 2021 t/m 5 sep. 2021 (Week 35),00–05,0.069
6 sep. 2021 t/m 12 sep. 2021 (Week 36),06–19,0.036
6 sep. 2021 t/m 12 sep. 2021 (Week 36),00–05,0.051
6 sep. 2021 t/m 12 sep. 2021 (Week 36),20–39,0.189
6 sep. 2021 t/m 12 sep. 2021 (Week 36),80–++,0.211
6 sep. 2021 t/m 12 sep. 2021 (Week 36),60–79,0.247
6 sep. 2021 t/m 12 sep. 2021 (Week 36),40–59,0.265
13 sep. 2021 t/m 19 sep. 2021 (Week 37),00–05,0.034
13 sep. 2021 t/m 19 sep. 2021 (Week 37),40–59,0.273
13 sep. 2021 t/m 19 sep. 2021 (Week 37),20–39,0.172
13 sep. 2021 t/m 19 sep. 2021 (Week 37),06–19,0.025
13 sep. 2021 t/m 19 sep. 2021 (Week 37),80–++,0.206
13 sep. 2021 t/m 19 sep. 2021 (Week 37),60–79,0.291
20 sep. 2021 t/m 26 sep. 2021 (Week 38),00–05,0.046
20 sep. 2021 t/m 26 sep. 2021 (Week 38),80–++,0.254
20 sep. 2021 t/m 26 sep. 2021 (Week 38),60–79,0.304
20 sep. 2021 t/m 26 sep. 2021 (Week 38),40–59,0.229
20 sep. 2021 t/m 26 sep. 2021 (Week 38),20–39,0.143
20 sep. 2021 t/m 26 sep. 2021 (Week 38),06–19,0.025
27 sep. 2021 t/m 3 okt. 2021 (Week 39),20–39,0.159
27 sep. 2021 t/m 3 okt. 2021 (Week 39),60–79,0.294
27 sep. 2021 t/m 3 okt. 2021 (Week 39),06–19,0.03
27 sep. 2021 t/m 3 okt. 2021 (Week 39),40–59,0.274
27 sep. 2021 t/m 3 okt. 2021 (Week 39),80–++,0.213
27 sep. 2021 t/m 3 okt. 2021 (Week 39),00–05,0.03
4 okt. 2021 t/m 10 okt. 2021 (Week 40),00–05,0.063
4 okt. 2021 t/m 10 okt. 2021 (Week 40),06–19,0.019
4 okt. 2021 t/m 10 okt. 2021 (Week 40),20–39,0.13
4 okt. 2021 t/m 10 okt. 2021 (Week 40),80–++,0.26
4 okt. 2021 t/m 10 okt. 2021 (Week 40),60–79,0.308
4 okt. 2021 t/m 10 okt. 2021 (Week 40),40–59,0.219
11 okt. 2021 t/m 17 okt. 2021 (Week 41),80–++,0.335
11 okt. 2021 t/m 17 okt. 2021 (Week 41),60–79,0.339
11 okt. 2021 t/m 17 okt. 2021 (Week 41),40–59,0.167
11 okt. 2021 t/m 17 okt. 2021 (Week 41),20–39,0.108
11 okt. 2021 t/m 17 okt. 2021 (Week 41),06–19,0.016
11 okt. 2021 t/m 17 okt. 2021 (Week 41),00–05,0.034
18 okt. 2021 t/m 24 okt. 2021 (Week 42),20–39,0.082
18 okt. 2021 t/m 24 okt. 2021 (Week 42),06–19,0.017
18 okt. 2021 t/m 24 okt. 2021 (Week 42),00–05,0.03
18 okt. 2021 t/m 24 okt. 2021 (Week 42),80–++,0.32
18 okt. 2021 t/m 24 okt. 2021 (Week 42),60–79,0.342
18 okt. 2021 t/m 24 okt. 2021 (Week 42),40–59,0.209
25 okt. 2021 t/m 31 okt. 2021 (Week 43),40–59,0.212
25 okt. 2021 t/m 31 okt. 2021 (Week 43),60–79,0.393
25 okt. 2021 t/m 31 okt. 2021 (Week 43),80–++,0.249
25 okt. 2021 t/m 31 okt. 2021 (Week 43),20–39,0.093
25 okt. 2021 t/m 31 okt. 2021 (Week 43),06–19,0.017
25 okt. 2021 t/m 31 okt. 2021 (Week 43),00–05,0.036
1 nov. 2021 t/m 7 nov. 2021 (Week 44),20–39,0.101
1 nov. 2021 t/m 7 nov. 2021 (Week 44),06–19,0.013
1 nov. 2021 t/m 7 nov. 2021 (Week 44),40–59,0.207
1 nov. 2021 t/m 7 nov. 2021 (Week 44),00–05,0.041
1 nov. 2021 t/m 7 nov. 2021 (Week 44),80–++,0.295
1 nov. 2021 t/m 7 nov. 2021 (Week 44),60–79,0.343
8 nov. 2021 t/m 14 nov. 2021 (Week 45),06–19,0.018
8 nov. 2021 t/m 14 nov. 2021 (Week 45),60–79,0.407
8 nov. 2021 t/m 14 nov. 2021 (Week 45),40–59,0.184
8 nov. 2021 t/m 14 nov. 2021 (Week 45),20–39,0.092
8 nov. 2021 t/m 14 nov. 2021 (Week 45),00–05,0.03
8 nov. 2021 t/m 14 nov. 2021 (Week 45),80–++,0.268
15 nov. 2021 t/m 21 nov. 2021 (Week 46),80–++,0.233
15 nov. 2021 t/m 21 nov. 2021 (Week 46),60–79,0.453
15 nov. 2021 t/m 21 nov. 2021 (Week 46),40–59,0.164
15 nov. 2021 t/m 21 nov. 2021 (Week 46),20–39,0.092
15 nov. 2021 t/m 21 nov. 2021 (Week 46),06–19,0.016
15 nov. 2021 t/m 21 nov. 2021 (Week 46),00–05,0.042